Model,MSE,RMSE,MAE,R2Score
SVR,706.0039,83.70187,47.340203,0.4976893
Decision Tree,66.0846,8.12924,12.33404,0.986815
XGBoost ,460.91784,21.4689,8.811132,0.9332155
Random Forest,111.67308,10.56754,11.46085,0.977001
